"velocity:0","velocity:1","velocity:2","vtkGhostType","pressure","vtkValidPointMask","arc_length","Points:0","Points:1","Points:2"
0.28518,4.1632e-06,0,0,1.4914,1,0,5.1,0.2,0
0.29002,4.3757e-06,0,0,1.4914,1,0.0019,5.1,0.2019,0
0.29486,4.5882e-06,0,0,1.4914,1,0.0038,5.1,0.2038,0
0.2997,4.8008e-06,0,0,1.4914,1,0.0057,5.1,0.2057,0
0.30453,5.0133e-06,0,0,1.4914,1,0.0076,5.1,0.2076,0
0.30937,5.2259e-06,0,0,1.4914,1,0.0095,5.1,0.2095,0
0.31421,5.4384e-06,0,0,1.4914,1,0.0114,5.1,0.2114,0
0.31905,5.651e-06,0,0,1.4914,1,0.0133,5.1,0.2133,0
0.32388,5.8635e-06,0,0,1.4914,1,0.0152,5.1,0.2152,0
0.32872,6.076e-06,0,0,1.4914,1,0.0171,5.1,0.2171,0
0.33356,6.2886e-06,0,0,1.4914,1,0.019,5.1,0.219,0
0.3384,6.5011e-06,0,0,1.4914,1,0.0209,5.1,0.2209,0
0.34323,6.7137e-06,0,0,1.4914,1,0.0228,5.1,0.2228,0
0.34807,6.9262e-06,0,0,1.4914,1,0.0247,5.1,0.2247,0
0.35291,7.1388e-06,0,0,1.4914,1,0.0266,5.1,0.2266,0
0.35774,7.3513e-06,0,0,1.4914,1,0.0285,5.1,0.2285,0
0.36258,7.5639e-06,0,0,1.4914,1,0.0304,5.1,0.2304,0
0.36742,7.7764e-06,0,0,1.4914,1,0.0323,5.1,0.2323,0
0.37226,7.9889e-06,0,0,1.4914,1,0.0342,5.1,0.2342,0
0.37709,8.2015e-06,0,0,1.4914,1,0.0361,5.1,0.2361,0
0.38193,8.414e-06,0,0,1.4914,1,0.038,5.1,0.238,0
0.38677,8.6266e-06,0,0,1.4914,1,0.0399,5.1,0.2399,0
0.39161,8.8391e-06,0,0,1.4914,1,0.0418,5.1,0.2418,0
0.39644,9.0517e-06,0,0,1.4914,1,0.0437,5.1,0.2437,0
0.40128,9.2642e-06,0,0,1.4914,1,0.0456,5.1,0.2456,0
0.40612,9.4767e-06,0,0,1.4914,1,0.0475,5.1,0.2475,0
0.41096,9.6893e-06,0,0,1.4914,1,0.0494,5.1,0.2494,0
0.41579,9.9018e-06,0,0,1.4914,1,0.0513,5.1,0.2513,0
0.42063,1.0114e-05,0,0,1.4914,1,0.0532,5.1,0.2532,0
0.42547,1.0327e-05,0,0,1.4914,1,0.0551,5.1,0.2551,0
0.43031,1.0539e-05,0,0,1.4914,1,0.057,5.1,0.257,0
0.43514,1.0752e-05,0,0,1.4914,1,0.0589,5.1,0.2589,0
0.43998,1.0965e-05,0,0,1.4914,1,0.0608,5.1,0.2608,0
0.44482,1.1177e-05,0,0,1.4914,1,0.0627,5.1,0.2627,0
0.44966,1.139e-05,0,0,1.4914,1,0.0646,5.1,0.2646,0
0.45449,1.1602e-05,0,0,1.4914,1,0.0665,5.1,0.2665,0
0.45933,1.1815e-05,0,0,1.4914,1,0.0684,5.1,0.2684,0
0.46417,1.2027e-05,0,0,1.4914,1,0.0703,5.1,0.2703,0
0.46901,1.224e-05,0,0,1.4914,1,0.0722,5.1,0.2722,0
0.47384,1.2452e-05,0,0,1.4914,1,0.0741,5.1,0.2741,0
0.47868,1.2665e-05,0,0,1.4914,1,0.076,5.1,0.276,0
0.48352,1.2877e-05,0,0,1.4914,1,0.0779,5.1,0.2779,0
0.48836,1.309e-05,0,0,1.4914,1,0.0798,5.1,0.2798,0
0.49319,1.3303e-05,0,0,1.4914,1,0.0817,5.1,0.2817,0
0.49803,1.3515e-05,0,0,1.4914,1,0.0836,5.1,0.2836,0
0.50287,1.3728e-05,0,0,1.4914,1,0.0855,5.1,0.2855,0
0.50771,1.394e-05,0,0,1.4914,1,0.0874,5.1,0.2874,0
0.51254,1.4153e-05,0,0,1.4914,1,0.0893,5.1,0.2893,0
0.51738,1.4365e-05,0,0,1.4914,1,0.0912,5.1,0.2912,0
0.52222,1.4578e-05,0,0,1.4914,1,0.0931,5.1,0.2931,0
0.52706,1.479e-05,0,0,1.4914,1,0.095,5.1,0.295,0
0.53189,1.5003e-05,0,0,1.4914,1,0.0969,5.1,0.2969,0
0.53673,1.5215e-05,0,0,1.4914,1,0.0988,5.1,0.2988,0
0.54135,1.5457e-05,0,0,1.4914,1,0.1007,5.1,0.3007,0
0.54561,1.575e-05,0,0,1.4914,1,0.1026,5.1,0.3026,0
0.54987,1.6042e-05,0,0,1.4914,1,0.1045,5.1,0.3045,0
0.55412,1.6334e-05,0,0,1.4914,1,0.1064,5.1,0.3064,0
0.55838,1.6626e-05,0,0,1.4914,1,0.1083,5.1,0.3083,0
0.56264,1.6919e-05,0,0,1.4914,1,0.1102,5.1,0.3102,0
0.56689,1.7211e-05,0,0,1.4914,1,0.1121,5.1,0.3121,0
0.57115,1.7503e-05,0,0,1.4914,1,0.114,5.1,0.314,0
0.57541,1.7795e-05,0,0,1.4914,1,0.1159,5.1,0.3159,0
0.57966,1.8088e-05,0,0,1.4914,1,0.1178,5.1,0.3178,0
0.58392,1.838e-05,0,0,1.4914,1,0.1197,5.1,0.3197,0
0.58818,1.8672e-05,0,0,1.4914,1,0.1216,5.1,0.3216,0
0.59243,1.8964e-05,0,0,1.4914,1,0.1235,5.1,0.3235,0
0.59669,1.9257e-05,0,0,1.4914,1,0.1254,5.1,0.3254,0
0.60095,1.9549e-05,0,0,1.4914,1,0.1273,5.1,0.3273,0
0.6052,1.9841e-05,0,0,1.4914,1,0.1292,5.1,0.3292,0
0.60946,2.0133e-05,0,0,1.4914,1,0.1311,5.1,0.3311,0
0.61372,2.0426e-05,0,0,1.4914,1,0.133,5.1,0.333,0
0.61797,2.0718e-05,0,0,1.4914,1,0.1349,5.1,0.3349,0
0.62223,2.101e-05,0,0,1.4914,1,0.1368,5.1,0.3368,0
0.62649,2.1303e-05,0,0,1.4914,1,0.1387,5.1,0.3387,0
0.63074,2.1595e-05,0,0,1.4914,1,0.1406,5.1,0.3406,0
0.635,2.1887e-05,0,0,1.4914,1,0.1425,5.1,0.3425,0
0.63926,2.2179e-05,0,0,1.4914,1,0.1444,5.1,0.3444,0
0.64351,2.2472e-05,0,0,1.4914,1,0.1463,5.1,0.3463,0
0.64777,2.2764e-05,0,0,1.4914,1,0.1482,5.1,0.3482,0
0.65203,2.3056e-05,0,0,1.4914,1,0.1501,5.1,0.3501,0
0.65628,2.3348e-05,0,0,1.4914,1,0.152,5.1,0.352,0
0.66054,2.3641e-05,0,0,1.4914,1,0.1539,5.1,0.3539,0
0.6648,2.3933e-05,0,0,1.4914,1,0.1558,5.1,0.3558,0
0.66905,2.4225e-05,0,0,1.4914,1,0.1577,5.1,0.3577,0
0.67331,2.4517e-05,0,0,1.4914,1,0.1596,5.1,0.3596,0
0.67757,2.481e-05,0,0,1.4914,1,0.1615,5.1,0.3615,0
0.68182,2.5102e-05,0,0,1.4914,1,0.1634,5.1,0.3634,0
0.68608,2.5394e-05,0,0,1.4914,1,0.1653,5.1,0.3653,0
0.69034,2.5686e-05,0,0,1.4914,1,0.1672,5.1,0.3672,0
0.69459,2.5979e-05,0,0,1.4914,1,0.1691,5.1,0.3691,0
0.69885,2.6271e-05,0,0,1.4914,1,0.171,5.1,0.371,0
0.70311,2.6563e-05,0,0,1.4914,1,0.1729,5.1,0.3729,0
0.70736,2.6855e-05,0,0,1.4914,1,0.1748,5.1,0.3748,0
0.71162,2.7148e-05,0,0,1.4914,1,0.1767,5.1,0.3767,0
0.71588,2.744e-05,0,0,1.4914,1,0.1786,5.1,0.3786,0
0.72013,2.7732e-05,0,0,1.4914,1,0.1805,5.1,0.3805,0
0.72439,2.8024e-05,0,0,1.4914,1,0.1824,5.1,0.3824,0
0.72865,2.8317e-05,0,0,1.4914,1,0.1843,5.1,0.3843,0
0.7329,2.8609e-05,0,0,1.4914,1,0.1862,5.1,0.3862,0
0.73716,2.8901e-05,0,0,1.4914,1,0.1881,5.1,0.3881,0
0.74142,2.9193e-05,0,0,1.4914,1,0.19,5.1,0.39,0
0.74567,2.9486e-05,0,0,1.4914,1,0.1919,5.1,0.3919,0
0.74993,2.9778e-05,0,0,1.4914,1,0.1938,5.1,0.3938,0
0.75418,3.007e-05,0,0,1.4914,1,0.1957,5.1,0.3957,0
0.75844,3.0363e-05,0,0,1.4914,1,0.1976,5.1,0.3976,0
0.7627,3.0655e-05,0,0,1.4914,1,0.1995,5.1,0.3995,0
0.76653,3.0961e-05,0,0,1.4914,1,0.2014,5.1,0.4014,0
0.77021,3.1272e-05,0,0,1.4914,1,0.2033,5.1,0.4033,0
0.77388,3.1583e-05,0,0,1.4914,1,0.2052,5.1,0.4052,0
0.77756,3.1894e-05,0,0,1.4914,1,0.2071,5.1,0.4071,0
0.78124,3.2204e-05,0,0,1.4914,1,0.209,5.1,0.409,0
0.78492,3.2515e-05,0,0,1.4914,1,0.2109,5.1,0.4109,0
0.78859,3.2826e-05,0,0,1.4914,1,0.2128,5.1,0.4128,0
0.79227,3.3137e-05,0,0,1.4914,1,0.2147,5.1,0.4147,0
0.79595,3.3448e-05,0,0,1.4914,1,0.2166,5.1,0.4166,0
0.79963,3.3759e-05,0,0,1.4914,1,0.2185,5.1,0.4185,0
0.8033,3.407e-05,0,0,1.4914,1,0.2204,5.1,0.4204,0
0.80698,3.4381e-05,0,0,1.4914,1,0.2223,5.1,0.4223,0
0.81066,3.4692e-05,0,0,1.4914,1,0.2242,5.1,0.4242,0
0.81434,3.5003e-05,0,0,1.4914,1,0.2261,5.1,0.4261,0
0.81801,3.5314e-05,0,0,1.4914,1,0.228,5.1,0.428,0
0.82169,3.5625e-05,0,0,1.4914,1,0.2299,5.1,0.4299,0
0.82537,3.5935e-05,0,0,1.4914,1,0.2318,5.1,0.4318,0
0.82905,3.6246e-05,0,0,1.4914,1,0.2337,5.1,0.4337,0
0.83272,3.6557e-05,0,0,1.4914,1,0.2356,5.1,0.4356,0
0.8364,3.6868e-05,0,0,1.4914,1,0.2375,5.1,0.4375,0
0.84008,3.7179e-05,0,0,1.4914,1,0.2394,5.1,0.4394,0
0.84376,3.749e-05,0,0,1.4914,1,0.2413,5.1,0.4413,0
0.84743,3.7801e-05,0,0,1.4914,1,0.2432,5.1,0.4432,0
0.85111,3.8112e-05,0,0,1.4914,1,0.2451,5.1,0.4451,0
0.85479,3.8423e-05,0,0,1.4914,1,0.247,5.1,0.447,0
0.85847,3.8734e-05,0,0,1.4914,1,0.2489,5.1,0.4489,0
0.86214,3.9045e-05,0,0,1.4914,1,0.2508,5.1,0.4508,0
0.86582,3.9355e-05,0,0,1.4914,1,0.2527,5.1,0.4527,0
0.8695,3.9666e-05,0,0,1.4914,1,0.2546,5.1,0.4546,0
0.87318,3.9977e-05,0,0,1.4914,1,0.2565,5.1,0.4565,0
0.87685,4.0288e-05,0,0,1.4914,1,0.2584,5.1,0.4584,0
0.88053,4.0599e-05,0,0,1.4914,1,0.2603,5.1,0.4603,0
0.88421,4.091e-05,0,0,1.4914,1,0.2622,5.1,0.4622,0
0.88789,4.1221e-05,0,0,1.4914,1,0.2641,5.1,0.4641,0
0.89156,4.1532e-05,0,0,1.4914,1,0.266,5.1,0.466,0
0.89524,4.1843e-05,0,0,1.4914,1,0.2679,5.1,0.4679,0
0.89892,4.2154e-05,0,0,1.4914,1,0.2698,5.1,0.4698,0
0.9026,4.2465e-05,0,0,1.4914,1,0.2717,5.1,0.4717,0
0.90627,4.2776e-05,0,0,1.4914,1,0.2736,5.1,0.4736,0
0.90995,4.3086e-05,0,0,1.4914,1,0.2755,5.1,0.4755,0
0.91363,4.3397e-05,0,0,1.4914,1,0.2774,5.1,0.4774,0
0.91731,4.3708e-05,0,0,1.4914,1,0.2793,5.1,0.4793,0
0.92098,4.4019e-05,0,0,1.4914,1,0.2812,5.1,0.4812,0
0.92466,4.433e-05,0,0,1.4914,1,0.2831,5.1,0.4831,0
0.92834,4.4641e-05,0,0,1.4914,1,0.285,5.1,0.485,0
0.93202,4.4952e-05,0,0,1.4914,1,0.2869,5.1,0.4869,0
0.93569,4.5263e-05,0,0,1.4914,1,0.2888,5.1,0.4888,0
0.93937,4.5574e-05,0,0,1.4914,1,0.2907,5.1,0.4907,0
0.94305,4.5885e-05,0,0,1.4914,1,0.2926,5.1,0.4926,0
0.94673,4.6196e-05,0,0,1.4914,1,0.2945,5.1,0.4945,0
0.9504,4.6507e-05,0,0,1.4914,1,0.2964,5.1,0.4964,0
0.95408,4.6817e-05,0,0,1.4914,1,0.2983,5.1,0.4983,0
0.9577,4.7122e-05,0,0,1.4914,1,0.3002,5.1,0.5002,0
0.9608,4.7375e-05,0,0,1.4914,1,0.3021,5.1,0.5021,0
0.9639,4.7628e-05,0,0,1.4914,1,0.304,5.1,0.504,0
0.967,4.7881e-05,0,0,1.4914,1,0.3059,5.1,0.5059,0
0.9701,4.8134e-05,0,0,1.4914,1,0.3078,5.1,0.5078,0
0.9732,4.8386e-05,0,0,1.4914,1,0.3097,5.1,0.5097,0
0.9763,4.8639e-05,0,0,1.4914,1,0.3116,5.1,0.5116,0
0.9794,4.8892e-05,0,0,1.4914,1,0.3135,5.1,0.5135,0
0.9825,4.9145e-05,0,0,1.4914,1,0.3154,5.1,0.5154,0
0.9856,4.9398e-05,0,0,1.4914,1,0.3173,5.1,0.5173,0
0.9887,4.9651e-05,0,0,1.4914,1,0.3192,5.1,0.5192,0
0.9918,4.9903e-05,0,0,1.4914,1,0.3211,5.1,0.5211,0
0.9949,5.0156e-05,0,0,1.4914,1,0.323,5.1,0.523,0
0.998,5.0409e-05,0,0,1.4914,1,0.3249,5.1,0.5249,0
1.0011,5.0662e-05,0,0,1.4914,1,0.3268,5.1,0.5268,0
1.0042,5.0915e-05,0,0,1.4914,1,0.3287,5.1,0.5287,0
1.0073,5.1168e-05,0,0,1.4914,1,0.3306,5.1,0.5306,0
1.0104,5.142e-05,0,0,1.4914,1,0.3325,5.1,0.5325,0
1.0135,5.1673e-05,0,0,1.4914,1,0.3344,5.1,0.5344,0
1.0166,5.1926e-05,0,0,1.4914,1,0.3363,5.1,0.5363,0
1.0197,5.2179e-05,0,0,1.4914,1,0.3382,5.1,0.5382,0
1.0228,5.2432e-05,0,0,1.4914,1,0.3401,5.1,0.5401,0
1.0259,5.2685e-05,0,0,1.4914,1,0.342,5.1,0.542,0
1.029,5.2937e-05,0,0,1.4914,1,0.3439,5.1,0.5439,0
1.0321,5.319e-05,0,0,1.4914,1,0.3458,5.1,0.5458,0
1.0352,5.3443e-05,0,0,1.4914,1,0.3477,5.1,0.5477,0
1.0383,5.3696e-05,0,0,1.4914,1,0.3496,5.1,0.5496,0
1.0414,5.3949e-05,0,0,1.4914,1,0.3515,5.1,0.5515,0
1.0445,5.4201e-05,0,0,1.4914,1,0.3534,5.1,0.5534,0
1.0476,5.4454e-05,0,0,1.4914,1,0.3553,5.1,0.5553,0
1.0507,5.4707e-05,0,0,1.4914,1,0.3572,5.1,0.5572,0
1.0538,5.496e-05,0,0,1.4914,1,0.3591,5.1,0.5591,0
1.0569,5.5213e-05,0,0,1.4914,1,0.361,5.1,0.561,0
1.06,5.5466e-05,0,0,1.4914,1,0.3629,5.1,0.5629,0
1.0631,5.5718e-05,0,0,1.4914,1,0.3648,5.1,0.5648,0
1.0662,5.5971e-05,0,0,1.4914,1,0.3667,5.1,0.5667,0
1.0693,5.6224e-05,0,0,1.4914,1,0.3686,5.1,0.5686,0
1.0724,5.6477e-05,0,0,1.4914,1,0.3705,5.1,0.5705,0
1.0755,5.673e-05,0,0,1.4914,1,0.3724,5.1,0.5724,0
1.0786,5.6983e-05,0,0,1.4914,1,0.3743,5.1,0.5743,0
1.0817,5.7235e-05,0,0,1.4914,1,0.3762,5.1,0.5762,0
1.0848,5.7488e-05,0,0,1.4914,1,0.3781,5.1,0.5781,0
1.0879,5.7741e-05,0,0,1.4914,1,0.38,5.1,0.58,0
1.091,5.7994e-05,0,0,1.4914,1,0.3819,5.1,0.5819,0
1.0941,5.8247e-05,0,0,1.4914,1,0.3838,5.1,0.5838,0
1.0972,5.85e-05,0,0,1.4914,1,0.3857,5.1,0.5857,0
1.1003,5.8752e-05,0,0,1.4914,1,0.3876,5.1,0.5876,0
1.1034,5.9005e-05,0,0,1.4914,1,0.3895,5.1,0.5895,0
1.1065,5.9258e-05,0,0,1.4914,1,0.3914,5.1,0.5914,0
1.1096,5.9511e-05,0,0,1.4914,1,0.3933,5.1,0.5933,0
1.1127,5.9764e-05,0,0,1.4914,1,0.3952,5.1,0.5952,0
1.1158,6.0017e-05,0,0,1.4914,1,0.3971,5.1,0.5971,0
1.1189,6.0269e-05,0,0,1.4914,1,0.399,5.1,0.599,0
1.1217,6.0464e-05,0,0,1.4914,1,0.4009,5.1,0.6009,0
1.1243,6.0594e-05,0,0,1.4914,1,0.4028,5.1,0.6028,0
1.1268,6.0724e-05,0,0,1.4914,1,0.4047,5.1,0.6047,0
1.1293,6.0854e-05,0,0,1.4914,1,0.4066,5.1,0.6066,0
1.1319,6.0984e-05,0,0,1.4914,1,0.4085,5.1,0.6085,0
1.1344,6.1113e-05,0,0,1.4914,1,0.4104,5.1,0.6104,0
1.1369,6.1243e-05,0,0,1.4914,1,0.4123,5.1,0.6123,0
1.1394,6.1373e-05,0,0,1.4914,1,0.4142,5.1,0.6142,0
1.142,6.1503e-05,0,0,1.4914,1,0.4161,5.1,0.6161,0
1.1445,6.1633e-05,0,0,1.4914,1,0.418,5.1,0.618,0
1.147,6.1763e-05,0,0,1.4914,1,0.4199,5.1,0.6199,0
1.1495,6.1893e-05,0,0,1.4914,1,0.4218,5.1,0.6218,0
1.1521,6.2023e-05,0,0,1.4914,1,0.4237,5.1,0.6237,0
1.1546,6.2152e-05,0,0,1.4914,1,0.4256,5.1,0.6256,0
1.1571,6.2282e-05,0,0,1.4914,1,0.4275,5.1,0.6275,0
1.1596,6.2412e-05,0,0,1.4914,1,0.4294,5.1,0.6294,0
1.1622,6.2542e-05,0,0,1.4914,1,0.4313,5.1,0.6313,0
1.1647,6.2672e-05,0,0,1.4914,1,0.4332,5.1,0.6332,0
1.1672,6.2802e-05,0,0,1.4914,1,0.4351,5.1,0.6351,0
1.1697,6.2932e-05,0,0,1.4914,1,0.437,5.1,0.637,0
1.1723,6.3062e-05,0,0,1.4914,1,0.4389,5.1,0.6389,0
1.1748,6.3192e-05,0,0,1.4914,1,0.4408,5.1,0.6408,0
1.1773,6.3321e-05,0,0,1.4914,1,0.4427,5.1,0.6427,0
1.1798,6.3451e-05,0,0,1.4914,1,0.4446,5.1,0.6446,0
1.1824,6.3581e-05,0,0,1.4914,1,0.4465,5.1,0.6465,0
1.1849,6.3711e-05,0,0,1.4914,1,0.4484,5.1,0.6484,0
1.1874,6.3841e-05,0,0,1.4914,1,0.4503,5.1,0.6503,0
1.1899,6.3971e-05,0,0,1.4914,1,0.4522,5.1,0.6522,0
1.1925,6.4101e-05,0,0,1.4914,1,0.4541,5.1,0.6541,0
1.195,6.4231e-05,0,0,1.4914,1,0.456,5.1,0.656,0
1.1975,6.4361e-05,0,0,1.4914,1,0.4579,5.1,0.6579,0
1.2001,6.449e-05,0,0,1.4914,1,0.4598,5.1,0.6598,0
1.2026,6.462e-05,0,0,1.4914,1,0.4617,5.1,0.6617,0
1.2051,6.475e-05,0,0,1.4914,1,0.4636,5.1,0.6636,0
1.2076,6.488e-05,0,0,1.4914,1,0.4655,5.1,0.6655,0
1.2102,6.501e-05,0,0,1.4914,1,0.4674,5.1,0.6674,0
1.2127,6.514e-05,0,0,1.4914,1,0.4693,5.1,0.6693,0
1.2152,6.527e-05,0,0,1.4914,1,0.4712,5.1,0.6712,0
1.2177,6.54e-05,0,0,1.4914,1,0.4731,5.1,0.6731,0
1.2203,6.553e-05,0,0,1.4914,1,0.475,5.1,0.675,0
1.2228,6.5659e-05,0,0,1.4914,1,0.4769,5.1,0.6769,0
1.2253,6.5789e-05,0,0,1.4914,1,0.4788,5.1,0.6788,0
1.2278,6.5919e-05,0,0,1.4914,1,0.4807,5.1,0.6807,0
1.2304,6.6049e-05,0,0,1.4914,1,0.4826,5.1,0.6826,0
1.2329,6.6179e-05,0,0,1.4914,1,0.4845,5.1,0.6845,0
1.2354,6.6309e-05,0,0,1.4914,1,0.4864,5.1,0.6864,0
1.2379,6.6439e-05,0,0,1.4914,1,0.4883,5.1,0.6883,0
1.2405,6.6569e-05,0,0,1.4914,1,0.4902,5.1,0.6902,0
1.243,6.6698e-05,0,0,1.4914,1,0.4921,5.1,0.6921,0
1.2455,6.6828e-05,0,0,1.4914,1,0.494,5.1,0.694,0
1.248,6.6958e-05,0,0,1.4914,1,0.4959,5.1,0.6959,0
1.2506,6.7088e-05,0,0,1.4914,1,0.4978,5.1,0.6978,0
1.2531,6.7218e-05,0,0,1.4914,1,0.4997,5.1,0.6997,0
1.2551,6.7202e-05,0,0,1.4914,1,0.5016,5.1,0.7016,0
1.2571,6.7159e-05,0,0,1.4914,1,0.5035,5.1,0.7035,0
1.2591,6.7116e-05,0,0,1.4914,1,0.5054,5.1,0.7054,0
1.261,6.7073e-05,0,0,1.4914,1,0.5073,5.1,0.7073,0
1.263,6.703e-05,0,0,1.4914,1,0.5092,5.1,0.7092,0
1.2649,6.6987e-05,0,0,1.4914,1,0.5111,5.1,0.7111,0
1.2669,6.6944e-05,0,0,1.4914,1,0.513,5.1,0.713,0
1.2688,6.6901e-05,0,0,1.4914,1,0.5149,5.1,0.7149,0
1.2708,6.6858e-05,0,0,1.4914,1,0.5168,5.1,0.7168,0
1.2727,6.6815e-05,0,0,1.4914,1,0.5187,5.1,0.7187,0
1.2747,6.6772e-05,0,0,1.4914,1,0.5206,5.1,0.7206,0
1.2766,6.6729e-05,0,0,1.4914,1,0.5225,5.1,0.7225,0
1.2786,6.6686e-05,0,0,1.4914,1,0.5244,5.1,0.7244,0
1.2806,6.6643e-05,0,0,1.4914,1,0.5263,5.1,0.7263,0
1.2825,6.66e-05,0,0,1.4914,1,0.5282,5.1,0.7282,0
1.2845,6.6557e-05,0,0,1.4914,1,0.5301,5.1,0.7301,0
1.2864,6.6514e-05,0,0,1.4914,1,0.532,5.1,0.732,0
1.2884,6.6471e-05,0,0,1.4914,1,0.5339,5.1,0.7339,0
1.2903,6.6428e-05,0,0,1.4914,1,0.5358,5.1,0.7358,0
1.2923,6.6385e-05,0,0,1.4914,1,0.5377,5.1,0.7377,0
1.2942,6.6342e-05,0,0,1.4914,1,0.5396,5.1,0.7396,0
1.2962,6.6299e-05,0,0,1.4914,1,0.5415,5.1,0.7415,0
1.2981,6.6256e-05,0,0,1.4914,1,0.5434,5.1,0.7434,0
1.3001,6.6213e-05,0,0,1.4914,1,0.5453,5.1,0.7453,0
1.3021,6.617e-05,0,0,1.4914,1,0.5472,5.1,0.7472,0
1.304,6.6127e-05,0,0,1.4914,1,0.5491,5.1,0.7491,0
1.306,6.6084e-05,0,0,1.4914,1,0.551,5.1,0.751,0
1.3079,6.6041e-05,0,0,1.4914,1,0.5529,5.1,0.7529,0
1.3099,6.5998e-05,0,0,1.4914,1,0.5548,5.1,0.7548,0
1.3118,6.5955e-05,0,0,1.4914,1,0.5567,5.1,0.7567,0
1.3138,6.5912e-05,0,0,1.4914,1,0.5586,5.1,0.7586,0
1.3157,6.5869e-05,0,0,1.4914,1,0.5605,5.1,0.7605,0
1.3177,6.5826e-05,0,0,1.4914,1,0.5624,5.1,0.7624,0
1.3196,6.5783e-05,0,0,1.4914,1,0.5643,5.1,0.7643,0
1.3216,6.574e-05,0,0,1.4914,1,0.5662,5.1,0.7662,0
1.3236,6.5697e-05,0,0,1.4914,1,0.5681,5.1,0.7681,0
1.3255,6.5654e-05,0,0,1.4914,1,0.57,5.1,0.77,0
1.3275,6.5611e-05,0,0,1.4914,1,0.5719,5.1,0.7719,0
1.3294,6.5568e-05,0,0,1.4914,1,0.5738,5.1,0.7738,0
1.3314,6.5525e-05,0,0,1.4914,1,0.5757,5.1,0.7757,0
1.3333,6.5482e-05,0,0,1.4914,1,0.5776,5.1,0.7776,0
1.3353,6.5439e-05,0,0,1.4914,1,0.5795,5.1,0.7795,0
1.3372,6.5396e-05,0,0,1.4914,1,0.5814,5.1,0.7814,0
1.3392,6.5353e-05,0,0,1.4914,1,0.5833,5.1,0.7833,0
1.3411,6.531e-05,0,0,1.4914,1,0.5852,5.1,0.7852,0
1.3431,6.5267e-05,0,0,1.4914,1,0.5871,5.1,0.7871,0
1.3451,6.5224e-05,0,0,1.4914,1,0.589,5.1,0.789,0
1.347,6.5181e-05,0,0,1.4914,1,0.5909,5.1,0.7909,0
1.349,6.5138e-05,0,0,1.4914,1,0.5928,5.1,0.7928,0
1.3509,6.5095e-05,0,0,1.4914,1,0.5947,5.1,0.7947,0
1.3529,6.5052e-05,0,0,1.4914,1,0.5966,5.1,0.7966,0
1.3548,6.5009e-05,0,0,1.4914,1,0.5985,5.1,0.7985,0
1.3567,6.4928e-05,0,0,1.4914,1,0.6004,5.1,0.8004,0
1.358,6.4702e-05,0,0,1.4914,1,0.6023,5.1,0.8023,0
1.3594,6.4476e-05,0,0,1.4914,1,0.6042,5.1,0.8042,0
1.3608,6.4251e-05,0,0,1.4914,1,0.6061,5.1,0.8061,0
1.3622,6.4025e-05,0,0,1.4914,1,0.608,5.1,0.808,0
1.3636,6.38e-05,0,0,1.4914,1,0.6099,5.1,0.8099,0
1.365,6.3574e-05,0,0,1.4914,1,0.6118,5.1,0.8118,0
1.3664,6.3348e-05,0,0,1.4914,1,0.6137,5.1,0.8137,0
1.3678,6.3123e-05,0,0,1.4914,1,0.6156,5.1,0.8156,0
1.3691,6.2897e-05,0,0,1.4914,1,0.6175,5.1,0.8175,0
1.3705,6.2672e-05,0,0,1.4914,1,0.6194,5.1,0.8194,0
1.3719,6.2446e-05,0,0,1.4914,1,0.6213,5.1,0.8213,0
1.3733,6.222e-05,0,0,1.4914,1,0.6232,5.1,0.8232,0
1.3747,6.1995e-05,0,0,1.4914,1,0.6251,5.1,0.8251,0
1.3761,6.1769e-05,0,0,1.4914,1,0.627,5.1,0.827,0
1.3775,6.1543e-05,0,0,1.4914,1,0.6289,5.1,0.8289,0
1.3789,6.1318e-05,0,0,1.4914,1,0.6308,5.1,0.8308,0
1.3802,6.1092e-05,0,0,1.4914,1,0.6327,5.1,0.8327,0
1.3816,6.0867e-05,0,0,1.4914,1,0.6346,5.1,0.8346,0
1.383,6.0641e-05,0,0,1.4914,1,0.6365,5.1,0.8365,0
1.3844,6.0415e-05,0,0,1.4914,1,0.6384,5.1,0.8384,0
1.3858,6.019e-05,0,0,1.4914,1,0.6403,5.1,0.8403,0
1.3872,5.9964e-05,0,0,1.4914,1,0.6422,5.1,0.8422,0
1.3886,5.9738e-05,0,0,1.4914,1,0.6441,5.1,0.8441,0
1.39,5.9513e-05,0,0,1.4914,1,0.646,5.1,0.846,0
1.3913,5.9287e-05,0,0,1.4914,1,0.6479,5.1,0.8479,0
1.3927,5.9062e-05,0,0,1.4914,1,0.6498,5.1,0.8498,0
1.3941,5.8836e-05,0,0,1.4914,1,0.6517,5.1,0.8517,0
1.3955,5.861e-05,0,0,1.4914,1,0.6536,5.1,0.8536,0
1.3969,5.8385e-05,0,0,1.4914,1,0.6555,5.1,0.8555,0
1.3983,5.8159e-05,0,0,1.4914,1,0.6574,5.1,0.8574,0
1.3997,5.7933e-05,0,0,1.4914,1,0.6593,5.1,0.8593,0
1.4011,5.7708e-05,0,0,1.4914,1,0.6612,5.1,0.8612,0
1.4024,5.7482e-05,0,0,1.4914,1,0.6631,5.1,0.8631,0
1.4038,5.7257e-05,0,0,1.4914,1,0.665,5.1,0.865,0
1.4052,5.7031e-05,0,0,1.4914,1,0.6669,5.1,0.8669,0
1.4066,5.6805e-05,0,0,1.4914,1,0.6688,5.1,0.8688,0
1.408,5.658e-05,0,0,1.4914,1,0.6707,5.1,0.8707,0
1.4094,5.6354e-05,0,0,1.4914,1,0.6726,5.1,0.8726,0
1.4108,5.6129e-05,0,0,1.4914,1,0.6745,5.1,0.8745,0
1.4122,5.5903e-05,0,0,1.4914,1,0.6764,5.1,0.8764,0
1.4135,5.5677e-05,0,0,1.4914,1,0.6783,5.1,0.8783,0
1.4149,5.5452e-05,0,0,1.4914,1,0.6802,5.1,0.8802,0
1.4163,5.5226e-05,0,0,1.4914,1,0.6821,5.1,0.8821,0
1.4177,5.5e-05,0,0,1.4914,1,0.684,5.1,0.884,0
1.4191,5.4775e-05,0,0,1.4914,1,0.6859,5.1,0.8859,0
1.4205,5.4549e-05,0,0,1.4914,1,0.6878,5.1,0.8878,0
1.4219,5.4324e-05,0,0,1.4914,1,0.6897,5.1,0.8897,0
1.4233,5.4098e-05,0,0,1.4914,1,0.6916,5.1,0.8916,0
1.4246,5.3872e-05,0,0,1.4914,1,0.6935,5.1,0.8935,0
1.426,5.3647e-05,0,0,1.4914,1,0.6954,5.1,0.8954,0
1.4274,5.3421e-05,0,0,1.4914,1,0.6973,5.1,0.8973,0
1.4288,5.3195e-05,0,0,1.4914,1,0.6992,5.1,0.8992,0
1.4299,5.2879e-05,0,0,1.4915,1,0.7011,5.1,0.9011,0
1.4307,5.2497e-05,0,0,1.4915,1,0.703,5.1,0.903,0
1.4315,5.2115e-05,0,0,1.4915,1,0.7049,5.1,0.9049,0
1.4323,5.1732e-05,0,0,1.4915,1,0.7068,5.1,0.9068,0
1.4332,5.135e-05,0,0,1.4915,1,0.7087,5.1,0.9087,0
1.434,5.0968e-05,0,0,1.4915,1,0.7106,5.1,0.9106,0
1.4348,5.0586e-05,0,0,1.4915,1,0.7125,5.1,0.9125,0
1.4356,5.0203e-05,0,0,1.4915,1,0.7144,5.1,0.9144,0
1.4365,4.9821e-05,0,0,1.4915,1,0.7163,5.1,0.9163,0
1.4373,4.9439e-05,0,0,1.4915,1,0.7182,5.1,0.9182,0
1.4381,4.9057e-05,0,0,1.4915,1,0.7201,5.1,0.9201,0
1.439,4.8674e-05,0,0,1.4915,1,0.722,5.1,0.922,0
1.4398,4.8292e-05,0,0,1.4915,1,0.7239,5.1,0.9239,0
1.4406,4.791e-05,0,0,1.4915,1,0.7258,5.1,0.9258,0
1.4414,4.7528e-05,0,0,1.4915,1,0.7277,5.1,0.9277,0
1.4423,4.7146e-05,0,0,1.4915,1,0.7296,5.1,0.9296,0
1.4431,4.6763e-05,0,0,1.4915,1,0.7315,5.1,0.9315,0
1.4439,4.6381e-05,0,0,1.4915,1,0.7334,5.1,0.9334,0
1.4447,4.5999e-05,0,0,1.4915,1,0.7353,5.1,0.9353,0
1.4456,4.5617e-05,0,0,1.4915,1,0.7372,5.1,0.9372,0
1.4464,4.5234e-05,0,0,1.4915,1,0.7391,5.1,0.9391,0
1.4472,4.4852e-05,0,0,1.4915,1,0.741,5.1,0.941,0
1.448,4.447e-05,0,0,1.4915,1,0.7429,5.1,0.9429,0
1.4489,4.4088e-05,0,0,1.4915,1,0.7448,5.1,0.9448,0
1.4497,4.3705e-05,0,0,1.4915,1,0.7467,5.1,0.9467,0
1.4505,4.3323e-05,0,0,1.4915,1,0.7486,5.1,0.9486,0
1.4513,4.2941e-05,0,0,1.4915,1,0.7505,5.1,0.9505,0
1.4522,4.2559e-05,0,0,1.4915,1,0.7524,5.1,0.9524,0
1.453,4.2176e-05,0,0,1.4915,1,0.7543,5.1,0.9543,0
1.4538,4.1794e-05,0,0,1.4915,1,0.7562,5.1,0.9562,0
1.4547,4.1412e-05,0,0,1.4915,1,0.7581,5.1,0.9581,0
1.4555,4.103e-05,0,0,1.4915,1,0.76,5.1,0.96,0
1.4563,4.0647e-05,0,0,1.4915,1,0.7619,5.1,0.9619,0
1.4571,4.0265e-05,0,0,1.4915,1,0.7638,5.1,0.9638,0
1.458,3.9883e-05,0,0,1.4915,1,0.7657,5.1,0.9657,0
1.4588,3.9501e-05,0,0,1.4915,1,0.7676,5.1,0.9676,0
1.4596,3.9119e-05,0,0,1.4915,1,0.7695,5.1,0.9695,0
1.4604,3.8736e-05,0,0,1.4915,1,0.7714,5.1,0.9714,0
1.4613,3.8354e-05,0,0,1.4915,1,0.7733,5.1,0.9733,0
1.4621,3.7972e-05,0,0,1.4915,1,0.7752,5.1,0.9752,0
1.4629,3.759e-05,0,0,1.4915,1,0.7771,5.1,0.9771,0
1.4637,3.7207e-05,0,0,1.4915,1,0.779,5.1,0.979,0
1.4646,3.6825e-05,0,0,1.4915,1,0.7809,5.1,0.9809,0
1.4654,3.6443e-05,0,0,1.4915,1,0.7828,5.1,0.9828,0
1.4662,3.6061e-05,0,0,1.4915,1,0.7847,5.1,0.9847,0
1.467,3.5678e-05,0,0,1.4915,1,0.7866,5.1,0.9866,0
1.4679,3.5296e-05,0,0,1.4915,1,0.7885,5.1,0.9885,0
1.4687,3.4914e-05,0,0,1.4915,1,0.7904,5.1,0.9904,0
1.4695,3.4532e-05,0,0,1.4915,1,0.7923,5.1,0.9923,0
1.4703,3.4149e-05,0,0,1.4915,1,0.7942,5.1,0.9942,0
1.4712,3.3767e-05,0,0,1.4915,1,0.7961,5.1,0.9961,0
1.472,3.3385e-05,0,0,1.4915,1,0.798,5.1,0.998,0
1.4728,3.3003e-05,0,0,1.4915,1,0.7999,5.1,0.9999,0
1.4731,3.2534e-05,0,0,1.4915,1,0.8018,5.1,1.0018,0
1.4734,3.2061e-05,0,0,1.4915,1,0.8037,5.1,1.0037,0
1.4737,3.1589e-05,0,0,1.4915,1,0.8056,5.1,1.0056,0
1.474,3.1116e-05,0,0,1.4915,1,0.8075,5.1,1.0075,0
1.4743,3.0643e-05,0,0,1.4915,1,0.8094,5.1,1.0094,0
1.4745,3.017e-05,0,0,1.4915,1,0.8113,5.1,1.0113,0
1.4748,2.9697e-05,0,0,1.4915,1,0.8132,5.1,1.0132,0
1.4751,2.9224e-05,0,0,1.4915,1,0.8151,5.1,1.0151,0
1.4754,2.8751e-05,0,0,1.4915,1,0.817,5.1,1.017,0
1.4757,2.8278e-05,0,0,1.4915,1,0.8189,5.1,1.0189,0
1.476,2.7805e-05,0,0,1.4915,1,0.8208,5.1,1.0208,0
1.4762,2.7332e-05,0,0,1.4915,1,0.8227,5.1,1.0227,0
1.4765,2.6859e-05,0,0,1.4915,1,0.8246,5.1,1.0246,0
1.4768,2.6386e-05,0,0,1.4915,1,0.8265,5.1,1.0265,0
1.4771,2.5913e-05,0,0,1.4915,1,0.8284,5.1,1.0284,0
1.4774,2.544e-05,0,0,1.4915,1,0.8303,5.1,1.0303,0
1.4776,2.4967e-05,0,0,1.4915,1,0.8322,5.1,1.0322,0
1.4779,2.4494e-05,0,0,1.4915,1,0.8341,5.1,1.0341,0
1.4782,2.4021e-05,0,0,1.4915,1,0.836,5.1,1.036,0
1.4785,2.3548e-05,0,0,1.4915,1,0.8379,5.1,1.0379,0
1.4788,2.3075e-05,0,0,1.4915,1,0.8398,5.1,1.0398,0
1.4791,2.2602e-05,0,0,1.4915,1,0.8417,5.1,1.0417,0
1.4793,2.2129e-05,0,0,1.4915,1,0.8436,5.1,1.0436,0
1.4796,2.1656e-05,0,0,1.4915,1,0.8455,5.1,1.0455,0
1.4799,2.1183e-05,0,0,1.4915,1,0.8474,5.1,1.0474,0
1.4802,2.071e-05,0,0,1.4915,1,0.8493,5.1,1.0493,0
1.4805,2.0237e-05,0,0,1.4915,1,0.8512,5.1,1.0512,0
1.4807,1.9764e-05,0,0,1.4915,1,0.8531,5.1,1.0531,0
1.481,1.9291e-05,0,0,1.4915,1,0.855,5.1,1.055,0
1.4813,1.8818e-05,0,0,1.4915,1,0.8569,5.1,1.0569,0
1.4816,1.8345e-05,0,0,1.4915,1,0.8588,5.1,1.0588,0
1.4819,1.7872e-05,0,0,1.4915,1,0.8607,5.1,1.0607,0
1.4822,1.7399e-05,0,0,1.4915,1,0.8626,5.1,1.0626,0
1.4824,1.6926e-05,0,0,1.4915,1,0.8645,5.1,1.0645,0
1.4827,1.6453e-05,0,0,1.4915,1,0.8664,5.1,1.0664,0
1.483,1.598e-05,0,0,1.4915,1,0.8683,5.1,1.0683,0
1.4833,1.5508e-05,0,0,1.4915,1,0.8702,5.1,1.0702,0
1.4836,1.5035e-05,0,0,1.4915,1,0.8721,5.1,1.0721,0
1.4838,1.4562e-05,0,0,1.4915,1,0.874,5.1,1.074,0
1.4841,1.4089e-05,0,0,1.4915,1,0.8759,5.1,1.0759,0
1.4844,1.3616e-05,0,0,1.4915,1,0.8778,5.1,1.0778,0
1.4847,1.3143e-05,0,0,1.4915,1,0.8797,5.1,1.0797,0
1.485,1.267e-05,0,0,1.4915,1,0.8816,5.1,1.0816,0
1.4853,1.2197e-05,0,0,1.4915,1,0.8835,5.1,1.0835,0
1.4855,1.1724e-05,0,0,1.4915,1,0.8854,5.1,1.0854,0
1.4858,1.1251e-05,0,0,1.4915,1,0.8873,5.1,1.0873,0
1.4861,1.0778e-05,0,0,1.4915,1,0.8892,5.1,1.0892,0
1.4864,1.0305e-05,0,0,1.4915,1,0.8911,5.1,1.0911,0
1.4867,9.8319e-06,0,0,1.4915,1,0.893,5.1,1.093,0
1.4869,9.3589e-06,0,0,1.4915,1,0.8949,5.1,1.0949,0
1.4872,8.8859e-06,0,0,1.4915,1,0.8968,5.1,1.0968,0
1.4875,8.413e-06,0,0,1.4915,1,0.8987,5.1,1.0987,0
1.4876,7.9258e-06,0,0,1.4915,1,0.9006,5.1,1.1006,0
1.4873,7.4424e-06,0,0,1.4915,1,0.9025,5.1,1.1025,0
1.4871,6.9591e-06,0,0,1.4915,1,0.9044,5.1,1.1044,0
1.4868,6.4756e-06,0,0,1.4915,1,0.9063,5.1,1.1063,0
1.4866,5.9923e-06,0,0,1.4915,1,0.9082,5.1,1.1082,0
1.4863,5.5089e-06,0,0,1.4915,1,0.9101,5.1,1.1101,0
1.486,5.0255e-06,0,0,1.4915,1,0.912,5.1,1.112,0
1.4858,4.5421e-06,0,0,1.4915,1,0.9139,5.1,1.1139,0
1.4855,4.0587e-06,0,0,1.4915,1,0.9158,5.1,1.1158,0
1.4852,3.5753e-06,0,0,1.4915,1,0.9177,5.1,1.1177,0
1.485,3.0919e-06,0,0,1.4915,1,0.9196,5.1,1.1196,0
1.4847,2.6086e-06,0,0,1.4915,1,0.9215,5.1,1.1215,0
1.4844,2.1251e-06,0,0,1.4915,1,0.9234,5.1,1.1234,0
1.4842,1.6418e-06,0,0,1.4915,1,0.9253,5.1,1.1253,0
1.4839,1.1584e-06,0,0,1.4915,1,0.9272,5.1,1.1272,0
1.4836,6.7497e-07,0,0,1.4915,1,0.9291,5.1,1.1291,0
1.4834,1.9159e-07,0,0,1.4915,1,0.931,5.1,1.131,0
1.4831,-2.9182e-07,0,0,1.4915,1,0.9329,5.1,1.1329,0
1.4828,-7.752e-07,0,0,1.4915,1,0.9348,5.1,1.1348,0
1.4826,-1.2586e-06,0,0,1.4915,1,0.9367,5.1,1.1367,0
1.4823,-1.742e-06,0,0,1.4915,1,0.9386,5.1,1.1386,0
1.482,-2.2254e-06,0,0,1.4915,1,0.9405,5.1,1.1405,0
1.4818,-2.7087e-06,0,0,1.4915,1,0.9424,5.1,1.1424,0
1.4815,-3.1922e-06,0,0,1.4915,1,0.9443,5.1,1.1443,0
1.4812,-3.6755e-06,0,0,1.4915,1,0.9462,5.1,1.1462,0
1.481,-4.1589e-06,0,0,1.4915,1,0.9481,5.1,1.1481,0
1.4807,-4.6423e-06,0,0,1.4915,1,0.95,5.1,1.15,0
1.4804,-5.1257e-06,0,0,1.4915,1,0.9519,5.1,1.1519,0
1.4802,-5.6091e-06,0,0,1.4915,1,0.9538,5.1,1.1538,0
1.4799,-6.0925e-06,0,0,1.4915,1,0.9557,5.1,1.1557,0
1.4796,-6.5759e-06,0,0,1.4915,1,0.9576,5.1,1.1576,0
1.4794,-7.0593e-06,0,0,1.4915,1,0.9595,5.1,1.1595,0
1.4791,-7.5427e-06,0,0,1.4915,1,0.9614,5.1,1.1614,0
1.4788,-8.026e-06,0,0,1.4915,1,0.9633,5.1,1.1633,0
1.4786,-8.5095e-06,0,0,1.4915,1,0.9652,5.1,1.1652,0
1.4783,-8.9928e-06,0,0,1.4915,1,0.9671,5.1,1.1671,0
1.478,-9.4762e-06,0,0,1.4915,1,0.969,5.1,1.169,0
1.4778,-9.9596e-06,0,0,1.4915,1,0.9709,5.1,1.1709,0
1.4775,-1.0443e-05,0,0,1.4915,1,0.9728,5.1,1.1728,0
1.4772,-1.0926e-05,0,0,1.4915,1,0.9747,5.1,1.1747,0
1.477,-1.141e-05,0,0,1.4915,1,0.9766,5.1,1.1766,0
1.4767,-1.1893e-05,0,0,1.4915,1,0.9785,5.1,1.1785,0
1.4764,-1.2377e-05,0,0,1.4915,1,0.9804,5.1,1.1804,0
1.4762,-1.286e-05,0,0,1.4915,1,0.9823,5.1,1.1823,0
1.4759,-1.3343e-05,0,0,1.4915,1,0.9842,5.1,1.1842,0
1.4756,-1.3827e-05,0,0,1.4915,1,0.9861,5.1,1.1861,0
1.4754,-1.431e-05,0,0,1.4915,1,0.988,5.1,1.188,0
1.4751,-1.4794e-05,0,0,1.4915,1,0.9899,5.1,1.1899,0
1.4748,-1.5277e-05,0,0,1.4915,1,0.9918,5.1,1.1918,0
1.4746,-1.576e-05,0,0,1.4915,1,0.9937,5.1,1.1937,0
1.4743,-1.6244e-05,0,0,1.4915,1,0.9956,5.1,1.1956,0
1.474,-1.6727e-05,0,0,1.4915,1,0.9975,5.1,1.1975,0
1.4738,-1.721e-05,0,0,1.4915,1,0.9994,5.1,1.1994,0
1.4731,-1.7641e-05,0,0,1.4915,1,1.0013,5.1,1.2013,0
1.4723,-1.8048e-05,0,0,1.4915,1,1.0032,5.1,1.2032,0
1.4715,-1.8454e-05,0,0,1.4915,1,1.0051,5.1,1.2051,0
1.4706,-1.8861e-05,0,0,1.4915,1,1.007,5.1,1.207,0
1.4698,-1.9268e-05,0,0,1.4915,1,1.0089,5.1,1.2089,0
1.469,-1.9674e-05,0,0,1.4915,1,1.0108,5.1,1.2108,0
1.4681,-2.0081e-05,0,0,1.4915,1,1.0127,5.1,1.2127,0
1.4673,-2.0487e-05,0,0,1.4915,1,1.0146,5.1,1.2146,0
1.4665,-2.0894e-05,0,0,1.4915,1,1.0165,5.1,1.2165,0
1.4657,-2.13e-05,0,0,1.4915,1,1.0184,5.1,1.2184,0
1.4648,-2.1707e-05,0,0,1.4915,1,1.0203,5.1,1.2203,0
1.464,-2.2114e-05,0,0,1.4915,1,1.0222,5.1,1.2222,0
1.4632,-2.252e-05,0,0,1.4915,1,1.0241,5.1,1.2241,0
1.4624,-2.2927e-05,0,0,1.4915,1,1.026,5.1,1.226,0
1.4615,-2.3333e-05,0,0,1.4915,1,1.0279,5.1,1.2279,0
1.4607,-2.374e-05,0,0,1.4915,1,1.0298,5.1,1.2298,0
1.4599,-2.4146e-05,0,0,1.4915,1,1.0317,5.1,1.2317,0
1.459,-2.4553e-05,0,0,1.4915,1,1.0336,5.1,1.2336,0
1.4582,-2.496e-05,0,0,1.4915,1,1.0355,5.1,1.2355,0
1.4574,-2.5366e-05,0,0,1.4915,1,1.0374,5.1,1.2374,0
1.4566,-2.5773e-05,0,0,1.4915,1,1.0393,5.1,1.2393,0
1.4557,-2.6179e-05,0,0,1.4915,1,1.0412,5.1,1.2412,0
1.4549,-2.6586e-05,0,0,1.4915,1,1.0431,5.1,1.2431,0
1.4541,-2.6992e-05,0,0,1.4915,1,1.045,5.1,1.245,0
1.4532,-2.7399e-05,0,0,1.4915,1,1.0469,5.1,1.2469,0
1.4524,-2.7806e-05,0,0,1.4915,1,1.0488,5.1,1.2488,0
1.4516,-2.8212e-05,0,0,1.4915,1,1.0507,5.1,1.2507,0
1.4508,-2.8619e-05,0,0,1.4915,1,1.0526,5.1,1.2526,0
1.4499,-2.9025e-05,0,0,1.4915,1,1.0545,5.1,1.2545,0
1.4491,-2.9432e-05,0,0,1.4915,1,1.0564,5.1,1.2564,0
1.4483,-2.9838e-05,0,0,1.4915,1,1.0583,5.1,1.2583,0
1.4475,-3.0245e-05,0,0,1.4915,1,1.0602,5.1,1.2602,0
1.4466,-3.0652e-05,0,0,1.4915,1,1.0621,5.1,1.2621,0
1.4458,-3.1058e-05,0,0,1.4915,1,1.064,5.1,1.264,0
1.445,-3.1465e-05,0,0,1.4915,1,1.0659,5.1,1.2659,0
1.4441,-3.1871e-05,0,0,1.4915,1,1.0678,5.1,1.2678,0
1.4433,-3.2278e-05,0,0,1.4915,1,1.0697,5.1,1.2697,0
1.4425,-3.2684e-05,0,0,1.4915,1,1.0716,5.1,1.2716,0
1.4417,-3.3091e-05,0,0,1.4915,1,1.0735,5.1,1.2735,0
1.4408,-3.3498e-05,0,0,1.4915,1,1.0754,5.1,1.2754,0
1.44,-3.3904e-05,0,0,1.4915,1,1.0773,5.1,1.2773,0
1.4392,-3.4311e-05,0,0,1.4915,1,1.0792,5.1,1.2792,0
1.4383,-3.4717e-05,0,0,1.4915,1,1.0811,5.1,1.2811,0
1.4375,-3.5124e-05,0,0,1.4915,1,1.083,5.1,1.283,0
1.4367,-3.5531e-05,0,0,1.4915,1,1.0849,5.1,1.2849,0
1.4359,-3.5937e-05,0,0,1.4915,1,1.0868,5.1,1.2868,0
1.435,-3.6344e-05,0,0,1.4915,1,1.0887,5.1,1.2887,0
1.4342,-3.675e-05,0,0,1.4915,1,1.0906,5.1,1.2906,0
1.4334,-3.7157e-05,0,0,1.4915,1,1.0925,5.1,1.2925,0
1.4326,-3.7563e-05,0,0,1.4915,1,1.0944,5.1,1.2944,0
1.4317,-3.797e-05,0,0,1.4915,1,1.0963,5.1,1.2963,0
1.4309,-3.8376e-05,0,0,1.4915,1,1.0982,5.1,1.2982,0
1.43,-3.8776e-05,0,0,1.4915,1,1.1001,5.1,1.3001,0
1.4287,-3.904e-05,0,0,1.4915,1,1.102,5.1,1.302,0
1.4273,-3.9304e-05,0,0,1.4915,1,1.1039,5.1,1.3039,0
1.4259,-3.9567e-05,0,0,1.4915,1,1.1058,5.1,1.3058,0
1.4245,-3.9831e-05,0,0,1.4915,1,1.1077,5.1,1.3077,0
1.4231,-4.0095e-05,0,0,1.4915,1,1.1096,5.1,1.3096,0
1.4217,-4.0359e-05,0,0,1.4915,1,1.1115,5.1,1.3115,0
1.4203,-4.0623e-05,0,0,1.4915,1,1.1134,5.1,1.3134,0
1.4189,-4.0887e-05,0,0,1.4915,1,1.1153,5.1,1.3153,0
1.4175,-4.1151e-05,0,0,1.4915,1,1.1172,5.1,1.3172,0
1.4162,-4.1415e-05,0,0,1.4915,1,1.1191,5.1,1.3191,0
1.4148,-4.1679e-05,0,0,1.4915,1,1.121,5.1,1.321,0
1.4134,-4.1943e-05,0,0,1.4915,1,1.1229,5.1,1.3229,0
1.412,-4.2207e-05,0,0,1.4915,1,1.1248,5.1,1.3248,0
1.4106,-4.2471e-05,0,0,1.4915,1,1.1267,5.1,1.3267,0
1.4092,-4.2735e-05,0,0,1.4915,1,1.1286,5.1,1.3286,0
1.4078,-4.2999e-05,0,0,1.4915,1,1.1305,5.1,1.3305,0
1.4064,-4.3263e-05,0,0,1.4915,1,1.1324,5.1,1.3324,0
1.405,-4.3527e-05,0,0,1.4915,1,1.1343,5.1,1.3343,0
1.4036,-4.3791e-05,0,0,1.4915,1,1.1362,5.1,1.3362,0
1.4023,-4.4055e-05,0,0,1.4915,1,1.1381,5.1,1.3381,0
1.4009,-4.4319e-05,0,0,1.4915,1,1.14,5.1,1.34,0
1.3995,-4.4583e-05,0,0,1.4915,1,1.1419,5.1,1.3419,0
1.3981,-4.4847e-05,0,0,1.4915,1,1.1438,5.1,1.3438,0
1.3967,-4.5111e-05,0,0,1.4915,1,1.1457,5.1,1.3457,0
1.3953,-4.5375e-05,0,0,1.4915,1,1.1476,5.1,1.3476,0
1.3939,-4.5639e-05,0,0,1.4915,1,1.1495,5.1,1.3495,0
1.3925,-4.5903e-05,0,0,1.4915,1,1.1514,5.1,1.3514,0
1.3911,-4.6167e-05,0,0,1.4915,1,1.1533,5.1,1.3533,0
1.3898,-4.6431e-05,0,0,1.4915,1,1.1552,5.1,1.3552,0
1.3884,-4.6695e-05,0,0,1.4915,1,1.1571,5.1,1.3571,0
1.387,-4.6959e-05,0,0,1.4915,1,1.159,5.1,1.359,0
1.3856,-4.7223e-05,0,0,1.4915,1,1.1609,5.1,1.3609,0
1.3842,-4.7487e-05,0,0,1.4915,1,1.1628,5.1,1.3628,0
1.3828,-4.7751e-05,0,0,1.4915,1,1.1647,5.1,1.3647,0
1.3814,-4.8015e-05,0,0,1.4915,1,1.1666,5.1,1.3666,0
1.38,-4.8279e-05,0,0,1.4915,1,1.1685,5.1,1.3685,0
1.3786,-4.8542e-05,0,0,1.4915,1,1.1704,5.1,1.3704,0
1.3773,-4.8806e-05,0,0,1.4915,1,1.1723,5.1,1.3723,0
1.3759,-4.907e-05,0,0,1.4915,1,1.1742,5.1,1.3742,0
1.3745,-4.9334e-05,0,0,1.4915,1,1.1761,5.1,1.3761,0
1.3731,-4.9598e-05,0,0,1.4915,1,1.178,5.1,1.378,0
1.3717,-4.9862e-05,0,0,1.4915,1,1.1799,5.1,1.3799,0
1.3703,-5.0126e-05,0,0,1.4915,1,1.1818,5.1,1.3818,0
1.3689,-5.039e-05,0,0,1.4915,1,1.1837,5.1,1.3837,0
1.3675,-5.0654e-05,0,0,1.4915,1,1.1856,5.1,1.3856,0
1.3661,-5.0918e-05,0,0,1.4915,1,1.1875,5.1,1.3875,0
1.3648,-5.1182e-05,0,0,1.4915,1,1.1894,5.1,1.3894,0
1.3634,-5.1446e-05,0,0,1.4915,1,1.1913,5.1,1.3913,0
1.362,-5.171e-05,0,0,1.4915,1,1.1932,5.1,1.3932,0
1.3606,-5.1974e-05,0,0,1.4915,1,1.1951,5.1,1.3951,0
1.3592,-5.2238e-05,0,0,1.4915,1,1.197,5.1,1.397,0
1.3578,-5.2502e-05,0,0,1.4915,1,1.1989,5.1,1.3989,0
1.3562,-5.2692e-05,0,0,1.4914,1,1.2008,5.1,1.4008,0
1.3542,-5.2781e-05,0,0,1.4914,1,1.2027,5.1,1.4027,0
1.3523,-5.2869e-05,0,0,1.4914,1,1.2046,5.1,1.4046,0
1.3503,-5.2958e-05,0,0,1.4914,1,1.2065,5.1,1.4065,0
1.3484,-5.3046e-05,0,0,1.4914,1,1.2084,5.1,1.4084,0
1.3464,-5.3135e-05,0,0,1.4914,1,1.2103,5.1,1.4103,0
1.3444,-5.3224e-05,0,0,1.4914,1,1.2122,5.1,1.4122,0
1.3425,-5.3312e-05,0,0,1.4914,1,1.2141,5.1,1.4141,0
1.3405,-5.3401e-05,0,0,1.4914,1,1.216,5.1,1.416,0
1.3386,-5.3489e-05,0,0,1.4914,1,1.2179,5.1,1.4179,0
1.3366,-5.3578e-05,0,0,1.4914,1,1.2198,5.1,1.4198,0
1.3347,-5.3667e-05,0,0,1.4914,1,1.2217,5.1,1.4217,0
1.3327,-5.3755e-05,0,0,1.4914,1,1.2236,5.1,1.4236,0
1.3308,-5.3844e-05,0,0,1.4914,1,1.2255,5.1,1.4255,0
1.3288,-5.3932e-05,0,0,1.4914,1,1.2274,5.1,1.4274,0
1.3268,-5.4021e-05,0,0,1.4914,1,1.2293,5.1,1.4293,0
1.3249,-5.4109e-05,0,0,1.4914,1,1.2312,5.1,1.4312,0
1.3229,-5.4198e-05,0,0,1.4914,1,1.2331,5.1,1.4331,0
1.321,-5.4287e-05,0,0,1.4914,1,1.235,5.1,1.435,0
1.319,-5.4375e-05,0,0,1.4914,1,1.2369,5.1,1.4369,0
1.3171,-5.4464e-05,0,0,1.4914,1,1.2388,5.1,1.4388,0
1.3151,-5.4552e-05,0,0,1.4914,1,1.2407,5.1,1.4407,0
1.3132,-5.4641e-05,0,0,1.4914,1,1.2426,5.1,1.4426,0
1.3112,-5.4729e-05,0,0,1.4914,1,1.2445,5.1,1.4445,0
1.3092,-5.4818e-05,0,0,1.4914,1,1.2464,5.1,1.4464,0
1.3073,-5.4907e-05,0,0,1.4914,1,1.2483,5.1,1.4483,0
1.3053,-5.4995e-05,0,0,1.4914,1,1.2502,5.1,1.4502,0
1.3034,-5.5084e-05,0,0,1.4914,1,1.2521,5.1,1.4521,0
1.3014,-5.5172e-05,0,0,1.4914,1,1.254,5.1,1.454,0
1.2995,-5.5261e-05,0,0,1.4914,1,1.2559,5.1,1.4559,0
1.2975,-5.535e-05,0,0,1.4914,1,1.2578,5.1,1.4578,0
1.2955,-5.5438e-05,0,0,1.4914,1,1.2597,5.1,1.4597,0
1.2936,-5.5527e-05,0,0,1.4914,1,1.2616,5.1,1.4616,0
1.2916,-5.5615e-05,0,0,1.4914,1,1.2635,5.1,1.4635,0
1.2897,-5.5704e-05,0,0,1.4914,1,1.2654,5.1,1.4654,0
1.2877,-5.5792e-05,0,0,1.4914,1,1.2673,5.1,1.4673,0
1.2858,-5.5881e-05,0,0,1.4914,1,1.2692,5.1,1.4692,0
1.2838,-5.597e-05,0,0,1.4914,1,1.2711,5.1,1.4711,0
1.2819,-5.6058e-05,0,0,1.4914,1,1.273,5.1,1.473,0
1.2799,-5.6147e-05,0,0,1.4914,1,1.2749,5.1,1.4749,0
1.2779,-5.6235e-05,0,0,1.4914,1,1.2768,5.1,1.4768,0
1.276,-5.6324e-05,0,0,1.4914,1,1.2787,5.1,1.4787,0
1.274,-5.6412e-05,0,0,1.4914,1,1.2806,5.1,1.4806,0
1.2721,-5.6501e-05,0,0,1.4914,1,1.2825,5.1,1.4825,0
1.2701,-5.659e-05,0,0,1.4914,1,1.2844,5.1,1.4844,0
1.2682,-5.6678e-05,0,0,1.4914,1,1.2863,5.1,1.4863,0
1.2662,-5.6767e-05,0,0,1.4914,1,1.2882,5.1,1.4882,0
1.2642,-5.6855e-05,0,0,1.4914,1,1.2901,5.1,1.4901,0
1.2623,-5.6944e-05,0,0,1.4914,1,1.292,5.1,1.492,0
1.2603,-5.7033e-05,0,0,1.4914,1,1.2939,5.1,1.4939,0
1.2584,-5.7121e-05,0,0,1.4914,1,1.2958,5.1,1.4958,0
1.2564,-5.721e-05,0,0,1.4914,1,1.2977,5.1,1.4977,0
1.2545,-5.7298e-05,0,0,1.4914,1,1.2996,5.1,1.4996,0
1.2521,-5.7254e-05,0,0,1.4914,1,1.3015,5.1,1.5015,0
1.2495,-5.7173e-05,0,0,1.4914,1,1.3034,5.1,1.5034,0
1.247,-5.7093e-05,0,0,1.4914,1,1.3053,5.1,1.5053,0
1.2445,-5.7013e-05,0,0,1.4914,1,1.3072,5.1,1.5072,0
1.2419,-5.6933e-05,0,0,1.4914,1,1.3091,5.1,1.5091,0
1.2394,-5.6853e-05,0,0,1.4914,1,1.311,5.1,1.511,0
1.2369,-5.6773e-05,0,0,1.4914,1,1.3129,5.1,1.5129,0
1.2344,-5.6692e-05,0,0,1.4914,1,1.3148,5.1,1.5148,0
1.2318,-5.6612e-05,0,0,1.4914,1,1.3167,5.1,1.5167,0
1.2293,-5.6532e-05,0,0,1.4914,1,1.3186,5.1,1.5186,0
1.2268,-5.6452e-05,0,0,1.4914,1,1.3205,5.1,1.5205,0
1.2243,-5.6372e-05,0,0,1.4914,1,1.3224,5.1,1.5224,0
1.2217,-5.6291e-05,0,0,1.4914,1,1.3243,5.1,1.5243,0
1.2192,-5.6211e-05,0,0,1.4914,1,1.3262,5.1,1.5262,0
1.2167,-5.6131e-05,0,0,1.4914,1,1.3281,5.1,1.5281,0
1.2141,-5.6051e-05,0,0,1.4914,1,1.33,5.1,1.53,0
1.2116,-5.5971e-05,0,0,1.4914,1,1.3319,5.1,1.5319,0
1.2091,-5.5891e-05,0,0,1.4914,1,1.3338,5.1,1.5338,0
1.2066,-5.581e-05,0,0,1.4914,1,1.3357,5.1,1.5357,0
1.204,-5.573e-05,0,0,1.4914,1,1.3376,5.1,1.5376,0
1.2015,-5.565e-05,0,0,1.4914,1,1.3395,5.1,1.5395,0
1.199,-5.557e-05,0,0,1.4914,1,1.3414,5.1,1.5414,0
1.1965,-5.549e-05,0,0,1.4914,1,1.3433,5.1,1.5433,0
1.1939,-5.541e-05,0,0,1.4914,1,1.3452,5.1,1.5452,0
1.1914,-5.5329e-05,0,0,1.4914,1,1.3471,5.1,1.5471,0
1.1889,-5.5249e-05,0,0,1.4914,1,1.349,5.1,1.549,0
1.1863,-5.5169e-05,0,0,1.4914,1,1.3509,5.1,1.5509,0
1.1838,-5.5089e-05,0,0,1.4914,1,1.3528,5.1,1.5528,0
1.1813,-5.5009e-05,0,0,1.4914,1,1.3547,5.1,1.5547,0
1.1788,-5.4928e-05,0,0,1.4914,1,1.3566,5.1,1.5566,0
1.1762,-5.4848e-05,0,0,1.4914,1,1.3585,5.1,1.5585,0
1.1737,-5.4768e-05,0,0,1.4914,1,1.3604,5.1,1.5604,0
1.1712,-5.4688e-05,0,0,1.4914,1,1.3623,5.1,1.5623,0
1.1687,-5.4608e-05,0,0,1.4914,1,1.3642,5.1,1.5642,0
1.1661,-5.4528e-05,0,0,1.4914,1,1.3661,5.1,1.5661,0
1.1636,-5.4447e-05,0,0,1.4914,1,1.368,5.1,1.568,0
1.1611,-5.4367e-05,0,0,1.4914,1,1.3699,5.1,1.5699,0
1.1585,-5.4287e-05,0,0,1.4914,1,1.3718,5.1,1.5718,0
1.156,-5.4207e-05,0,0,1.4914,1,1.3737,5.1,1.5737,0
1.1535,-5.4127e-05,0,0,1.4914,1,1.3756,5.1,1.5756,0
1.151,-5.4047e-05,0,0,1.4914,1,1.3775,5.1,1.5775,0
1.1484,-5.3966e-05,0,0,1.4914,1,1.3794,5.1,1.5794,0
1.1459,-5.3886e-05,0,0,1.4914,1,1.3813,5.1,1.5813,0
1.1434,-5.3806e-05,0,0,1.4914,1,1.3832,5.1,1.5832,0
1.1408,-5.3726e-05,0,0,1.4914,1,1.3851,5.1,1.5851,0
1.1383,-5.3646e-05,0,0,1.4914,1,1.387,5.1,1.587,0
1.1358,-5.3565e-05,0,0,1.4914,1,1.3889,5.1,1.5889,0
1.1333,-5.3485e-05,0,0,1.4914,1,1.3908,5.1,1.5908,0
1.1307,-5.3405e-05,0,0,1.4914,1,1.3927,5.1,1.5927,0
1.1282,-5.3325e-05,0,0,1.4914,1,1.3946,5.1,1.5946,0
1.1257,-5.3245e-05,0,0,1.4914,1,1.3965,5.1,1.5965,0
1.1232,-5.3165e-05,0,0,1.4914,1,1.3984,5.1,1.5984,0
1.1205,-5.3064e-05,0,0,1.4914,1,1.4003,5.1,1.6003,0
1.1174,-5.2857e-05,0,0,1.4914,1,1.4022,5.1,1.6022,0
1.1143,-5.265e-05,0,0,1.4914,1,1.4041,5.1,1.6041,0
1.1112,-5.2443e-05,0,0,1.4914,1,1.406,5.1,1.606,0
1.1081,-5.2236e-05,0,0,1.4914,1,1.4079,5.1,1.6079,0
1.105,-5.2029e-05,0,0,1.4914,1,1.4098,5.1,1.6098,0
1.1019,-5.1822e-05,0,0,1.4914,1,1.4117,5.1,1.6117,0
1.0988,-5.1615e-05,0,0,1.4914,1,1.4136,5.1,1.6136,0
1.0957,-5.1408e-05,0,0,1.4914,1,1.4155,5.1,1.6155,0
1.0926,-5.1201e-05,0,0,1.4914,1,1.4174,5.1,1.6174,0
1.0895,-5.0994e-05,0,0,1.4914,1,1.4193,5.1,1.6193,0
1.0864,-5.0787e-05,0,0,1.4914,1,1.4212,5.1,1.6212,0
1.0833,-5.058e-05,0,0,1.4914,1,1.4231,5.1,1.6231,0
1.0802,-5.0373e-05,0,0,1.4914,1,1.425,5.1,1.625,0
1.0771,-5.0165e-05,0,0,1.4914,1,1.4269,5.1,1.6269,0
1.074,-4.9958e-05,0,0,1.4914,1,1.4288,5.1,1.6288,0
1.0709,-4.9751e-05,0,0,1.4914,1,1.4307,5.1,1.6307,0
1.0678,-4.9544e-05,0,0,1.4914,1,1.4326,5.1,1.6326,0
1.0647,-4.9337e-05,0,0,1.4914,1,1.4345,5.1,1.6345,0
1.0616,-4.913e-05,0,0,1.4914,1,1.4364,5.1,1.6364,0
1.0585,-4.8923e-05,0,0,1.4914,1,1.4383,5.1,1.6383,0
1.0554,-4.8716e-05,0,0,1.4914,1,1.4402,5.1,1.6402,0
1.0523,-4.8509e-05,0,0,1.4914,1,1.4421,5.1,1.6421,0
1.0492,-4.8302e-05,0,0,1.4914,1,1.444,5.1,1.644,0
1.0461,-4.8095e-05,0,0,1.4914,1,1.4459,5.1,1.6459,0
1.043,-4.7888e-05,0,0,1.4914,1,1.4478,5.1,1.6478,0
1.0399,-4.7681e-05,0,0,1.4914,1,1.4497,5.1,1.6497,0
1.0368,-4.7474e-05,0,0,1.4914,1,1.4516,5.1,1.6516,0
1.0337,-4.7267e-05,0,0,1.4914,1,1.4535,5.1,1.6535,0
1.0306,-4.706e-05,0,0,1.4914,1,1.4554,5.1,1.6554,0
1.0275,-4.6852e-05,0,0,1.4914,1,1.4573,5.1,1.6573,0
1.0244,-4.6645e-05,0,0,1.4914,1,1.4592,5.1,1.6592,0
1.0213,-4.6438e-05,0,0,1.4914,1,1.4611,5.1,1.6611,0
1.0182,-4.6231e-05,0,0,1.4914,1,1.463,5.1,1.663,0
1.0151,-4.6024e-05,0,0,1.4914,1,1.4649,5.1,1.6649,0
1.012,-4.5817e-05,0,0,1.4914,1,1.4668,5.1,1.6668,0
1.0089,-4.561e-05,0,0,1.4914,1,1.4687,5.1,1.6687,0
1.0058,-4.5403e-05,0,0,1.4914,1,1.4706,5.1,1.6706,0
1.0027,-4.5196e-05,0,0,1.4914,1,1.4725,5.1,1.6725,0
0.99956,-4.4989e-05,0,0,1.4914,1,1.4744,5.1,1.6744,0
0.99646,-4.4782e-05,0,0,1.4914,1,1.4763,5.1,1.6763,0
0.99336,-4.4575e-05,0,0,1.4914,1,1.4782,5.1,1.6782,0
0.99026,-4.4368e-05,0,0,1.4914,1,1.4801,5.1,1.6801,0
0.98715,-4.4161e-05,0,0,1.4914,1,1.482,5.1,1.682,0
0.98405,-4.3954e-05,0,0,1.4914,1,1.4839,5.1,1.6839,0
0.98095,-4.3747e-05,0,0,1.4914,1,1.4858,5.1,1.6858,0
0.97785,-4.3539e-05,0,0,1.4914,1,1.4877,5.1,1.6877,0
0.97475,-4.3332e-05,0,0,1.4914,1,1.4896,5.1,1.6896,0
0.97164,-4.3125e-05,0,0,1.4914,1,1.4915,5.1,1.6915,0
0.96854,-4.2918e-05,0,0,1.4914,1,1.4934,5.1,1.6934,0
0.96544,-4.2711e-05,0,0,1.4914,1,1.4953,5.1,1.6953,0
0.96234,-4.2504e-05,0,0,1.4914,1,1.4972,5.1,1.6972,0
0.95924,-4.2297e-05,0,0,1.4914,1,1.4991,5.1,1.6991,0
0.95583,-4.2057e-05,0,0,1.4914,1,1.501,5.1,1.701,0
0.95215,-4.1787e-05,0,0,1.4914,1,1.5029,5.1,1.7029,0
0.94847,-4.1517e-05,0,0,1.4914,1,1.5048,5.1,1.7048,0
0.94479,-4.1247e-05,0,0,1.4914,1,1.5067,5.1,1.7067,0
0.94111,-4.0977e-05,0,0,1.4914,1,1.5086,5.1,1.7086,0
0.93744,-4.0708e-05,0,0,1.4914,1,1.5105,5.1,1.7105,0
0.93376,-4.0438e-05,0,0,1.4914,1,1.5124,5.1,1.7124,0
0.93008,-4.0168e-05,0,0,1.4914,1,1.5143,5.1,1.7143,0
0.9264,-3.9898e-05,0,0,1.4914,1,1.5162,5.1,1.7162,0
0.92272,-3.9628e-05,0,0,1.4914,1,1.5181,5.1,1.7181,0
0.91904,-3.9358e-05,0,0,1.4914,1,1.52,5.1,1.72,0
0.91536,-3.9088e-05,0,0,1.4914,1,1.5219,5.1,1.7219,0
0.91168,-3.8818e-05,0,0,1.4914,1,1.5238,5.1,1.7238,0
0.908,-3.8548e-05,0,0,1.4914,1,1.5257,5.1,1.7257,0
0.90432,-3.8279e-05,0,0,1.4914,1,1.5276,5.1,1.7276,0
0.90065,-3.8009e-05,0,0,1.4914,1,1.5295,5.1,1.7295,0
0.89697,-3.7739e-05,0,0,1.4914,1,1.5314,5.1,1.7314,0
0.89329,-3.7469e-05,0,0,1.4914,1,1.5333,5.1,1.7333,0
0.88961,-3.7199e-05,0,0,1.4914,1,1.5352,5.1,1.7352,0
0.88593,-3.6929e-05,0,0,1.4914,1,1.5371,5.1,1.7371,0
0.88225,-3.6659e-05,0,0,1.4914,1,1.539,5.1,1.739,0
0.87857,-3.6389e-05,0,0,1.4914,1,1.5409,5.1,1.7409,0
0.87489,-3.6119e-05,0,0,1.4914,1,1.5428,5.1,1.7428,0
0.87121,-3.585e-05,0,0,1.4914,1,1.5447,5.1,1.7447,0
0.86753,-3.558e-05,0,0,1.4914,1,1.5466,5.1,1.7466,0
0.86385,-3.531e-05,0,0,1.4914,1,1.5485,5.1,1.7485,0
0.86018,-3.504e-05,0,0,1.4914,1,1.5504,5.1,1.7504,0
0.8565,-3.477e-05,0,0,1.4914,1,1.5523,5.1,1.7523,0
0.85282,-3.45e-05,0,0,1.4914,1,1.5542,5.1,1.7542,0
0.84914,-3.423e-05,0,0,1.4914,1,1.5561,5.1,1.7561,0
0.84546,-3.396e-05,0,0,1.4914,1,1.558,5.1,1.758,0
0.84178,-3.369e-05,0,0,1.4914,1,1.5599,5.1,1.7599,0
0.8381,-3.3421e-05,0,0,1.4914,1,1.5618,5.1,1.7618,0
0.83442,-3.3151e-05,0,0,1.4914,1,1.5637,5.1,1.7637,0
0.83074,-3.2881e-05,0,0,1.4914,1,1.5656,5.1,1.7656,0
0.82706,-3.2611e-05,0,0,1.4914,1,1.5675,5.1,1.7675,0
0.82339,-3.2341e-05,0,0,1.4914,1,1.5694,5.1,1.7694,0
0.81971,-3.2071e-05,0,0,1.4914,1,1.5713,5.1,1.7713,0
0.81603,-3.1801e-05,0,0,1.4914,1,1.5732,5.1,1.7732,0
0.81235,-3.1531e-05,0,0,1.4914,1,1.5751,5.1,1.7751,0
0.80867,-3.1261e-05,0,0,1.4914,1,1.577,5.1,1.777,0
0.80499,-3.0992e-05,0,0,1.4914,1,1.5789,5.1,1.7789,0
0.80131,-3.0722e-05,0,0,1.4914,1,1.5808,5.1,1.7808,0
0.79763,-3.0452e-05,0,0,1.4914,1,1.5827,5.1,1.7827,0
0.79395,-3.0182e-05,0,0,1.4914,1,1.5846,5.1,1.7846,0
0.79027,-2.9912e-05,0,0,1.4914,1,1.5865,5.1,1.7865,0
0.7866,-2.9642e-05,0,0,1.4914,1,1.5884,5.1,1.7884,0
0.78292,-2.9372e-05,0,0,1.4914,1,1.5903,5.1,1.7903,0
0.77924,-2.9102e-05,0,0,1.4914,1,1.5922,5.1,1.7922,0
0.77556,-2.8833e-05,0,0,1.4914,1,1.5941,5.1,1.7941,0
0.77188,-2.8563e-05,0,0,1.4914,1,1.596,5.1,1.796,0
0.7682,-2.8293e-05,0,0,1.4914,1,1.5979,5.1,1.7979,0
0.76452,-2.8023e-05,0,0,1.4914,1,1.5998,5.1,1.7998,0
0.76032,-2.7759e-05,0,0,1.4914,1,1.6017,5.1,1.8017,0
0.75607,-2.7495e-05,0,0,1.4914,1,1.6036,5.1,1.8036,0
0.75181,-2.7231e-05,0,0,1.4914,1,1.6055,5.1,1.8055,0
0.74755,-2.6968e-05,0,0,1.4914,1,1.6074,5.1,1.8074,0
0.74329,-2.6704e-05,0,0,1.4914,1,1.6093,5.1,1.8093,0
0.73903,-2.6441e-05,0,0,1.4914,1,1.6112,5.1,1.8112,0
0.73477,-2.6177e-05,0,0,1.4914,1,1.6131,5.1,1.8131,0
0.73052,-2.5914e-05,0,0,1.4914,1,1.615,5.1,1.815,0
0.72626,-2.565e-05,0,0,1.4914,1,1.6169,5.1,1.8169,0
0.722,-2.5386e-05,0,0,1.4914,1,1.6188,5.1,1.8188,0
0.71774,-2.5123e-05,0,0,1.4914,1,1.6207,5.1,1.8207,0
0.71348,-2.4859e-05,0,0,1.4914,1,1.6226,5.1,1.8226,0
0.70923,-2.4596e-05,0,0,1.4914,1,1.6245,5.1,1.8245,0
0.70497,-2.4332e-05,0,0,1.4914,1,1.6264,5.1,1.8264,0
0.70071,-2.4069e-05,0,0,1.4914,1,1.6283,5.1,1.8283,0
0.69645,-2.3805e-05,0,0,1.4914,1,1.6302,5.1,1.8302,0
0.69219,-2.3542e-05,0,0,1.4914,1,1.6321,5.1,1.8321,0
0.68794,-2.3278e-05,0,0,1.4914,1,1.634,5.1,1.834,0
0.68368,-2.3014e-05,0,0,1.4914,1,1.6359,5.1,1.8359,0
0.67942,-2.2751e-05,0,0,1.4914,1,1.6378,5.1,1.8378,0
0.67516,-2.2487e-05,0,0,1.4914,1,1.6397,5.1,1.8397,0
0.6709,-2.2224e-05,0,0,1.4914,1,1.6416,5.1,1.8416,0
0.66664,-2.196e-05,0,0,1.4914,1,1.6435,5.1,1.8435,0
0.66239,-2.1697e-05,0,0,1.4914,1,1.6454,5.1,1.8454,0
0.65813,-2.1433e-05,0,0,1.4914,1,1.6473,5.1,1.8473,0
0.65387,-2.1169e-05,0,0,1.4914,1,1.6492,5.1,1.8492,0
0.64961,-2.0906e-05,0,0,1.4914,1,1.6511,5.1,1.8511,0
0.64535,-2.0642e-05,0,0,1.4914,1,1.653,5.1,1.853,0
0.6411,-2.0379e-05,0,0,1.4914,1,1.6549,5.1,1.8549,0
0.63684,-2.0115e-05,0,0,1.4914,1,1.6568,5.1,1.8568,0
0.63258,-1.9852e-05,0,0,1.4914,1,1.6587,5.1,1.8587,0
0.62832,-1.9588e-05,0,0,1.4914,1,1.6606,5.1,1.8606,0
0.62406,-1.9324e-05,0,0,1.4914,1,1.6625,5.1,1.8625,0
0.61981,-1.9061e-05,0,0,1.4914,1,1.6644,5.1,1.8644,0
0.61555,-1.8797e-05,0,0,1.4914,1,1.6663,5.1,1.8663,0
0.61129,-1.8534e-05,0,0,1.4914,1,1.6682,5.1,1.8682,0
0.60703,-1.827e-05,0,0,1.4914,1,1.6701,5.1,1.8701,0
0.60277,-1.8007e-05,0,0,1.4914,1,1.672,5.1,1.872,0
0.59851,-1.7743e-05,0,0,1.4914,1,1.6739,5.1,1.8739,0
0.59426,-1.7479e-05,0,0,1.4914,1,1.6758,5.1,1.8758,0
0.59,-1.7216e-05,0,0,1.4914,1,1.6777,5.1,1.8777,0
0.58574,-1.6952e-05,0,0,1.4914,1,1.6796,5.1,1.8796,0
0.58148,-1.6689e-05,0,0,1.4914,1,1.6815,5.1,1.8815,0
0.57722,-1.6425e-05,0,0,1.4914,1,1.6834,5.1,1.8834,0
0.57297,-1.6162e-05,0,0,1.4914,1,1.6853,5.1,1.8853,0
0.56871,-1.5898e-05,0,0,1.4914,1,1.6872,5.1,1.8872,0
0.56445,-1.5634e-05,0,0,1.4914,1,1.6891,5.1,1.8891,0
0.56019,-1.5371e-05,0,0,1.4914,1,1.691,5.1,1.891,0
0.55593,-1.5107e-05,0,0,1.4914,1,1.6929,5.1,1.8929,0
0.55167,-1.4844e-05,0,0,1.4914,1,1.6948,5.1,1.8948,0
0.54742,-1.458e-05,0,0,1.4914,1,1.6967,5.1,1.8967,0
0.54316,-1.4317e-05,0,0,1.4914,1,1.6986,5.1,1.8986,0
0.53875,-1.4071e-05,0,0,1.4914,1,1.7005,5.1,1.9005,0
0.53391,-1.3877e-05,0,0,1.4914,1,1.7024,5.1,1.9024,0
0.52907,-1.3683e-05,0,0,1.4914,1,1.7043,5.1,1.9043,0
0.52423,-1.3489e-05,0,0,1.4914,1,1.7062,5.1,1.9062,0
0.51939,-1.3294e-05,0,0,1.4914,1,1.7081,5.1,1.9081,0
0.51455,-1.31e-05,0,0,1.4914,1,1.71,5.1,1.91,0
0.50971,-1.2906e-05,0,0,1.4914,1,1.7119,5.1,1.9119,0
0.50487,-1.2712e-05,0,0,1.4914,1,1.7138,5.1,1.9138,0
0.50004,-1.2517e-05,0,0,1.4914,1,1.7157,5.1,1.9157,0
0.4952,-1.2323e-05,0,0,1.4914,1,1.7176,5.1,1.9176,0
0.49036,-1.2129e-05,0,0,1.4914,1,1.7195,5.1,1.9195,0
0.48552,-1.1935e-05,0,0,1.4914,1,1.7214,5.1,1.9214,0
0.48068,-1.174e-05,0,0,1.4914,1,1.7233,5.1,1.9233,0
0.47584,-1.1546e-05,0,0,1.4914,1,1.7252,5.1,1.9252,0
0.471,-1.1352e-05,0,0,1.4914,1,1.7271,5.1,1.9271,0
0.46616,-1.1158e-05,0,0,1.4914,1,1.729,5.1,1.929,0
0.46132,-1.0964e-05,0,0,1.4914,1,1.7309,5.1,1.9309,0
0.45648,-1.0769e-05,0,0,1.4914,1,1.7328,5.1,1.9328,0
0.45165,-1.0575e-05,0,0,1.4914,1,1.7347,5.1,1.9347,0
0.44681,-1.0381e-05,0,0,1.4914,1,1.7366,5.1,1.9366,0
0.44197,-1.0187e-05,0,0,1.4914,1,1.7385,5.1,1.9385,0
0.43713,-9.9923e-06,0,0,1.4914,1,1.7404,5.1,1.9404,0
0.43229,-9.7981e-06,0,0,1.4914,1,1.7423,5.1,1.9423,0
0.42745,-9.6038e-06,0,0,1.4914,1,1.7442,5.1,1.9442,0
0.42261,-9.4096e-06,0,0,1.4914,1,1.7461,5.1,1.9461,0
0.41777,-9.2154e-06,0,0,1.4914,1,1.748,5.1,1.948,0
0.41293,-9.0211e-06,0,0,1.4914,1,1.7499,5.1,1.9499,0
0.40809,-8.8269e-06,0,0,1.4914,1,1.7518,5.1,1.9518,0
0.40326,-8.6326e-06,0,0,1.4914,1,1.7537,5.1,1.9537,0
0.39842,-8.4384e-06,0,0,1.4914,1,1.7556,5.1,1.9556,0
0.39358,-8.2442e-06,0,0,1.4914,1,1.7575,5.1,1.9575,0
0.38874,-8.0499e-06,0,0,1.4914,1,1.7594,5.1,1.9594,0
0.3839,-7.8557e-06,0,0,1.4914,1,1.7613,5.1,1.9613,0
0.37906,-7.6615e-06,0,0,1.4914,1,1.7632,5.1,1.9632,0
0.37422,-7.4672e-06,0,0,1.4914,1,1.7651,5.1,1.9651,0
0.36938,-7.273e-06,0,0,1.4914,1,1.767,5.1,1.967,0
0.36454,-7.0787e-06,0,0,1.4914,1,1.7689,5.1,1.9689,0
0.3597,-6.8845e-06,0,0,1.4914,1,1.7708,5.1,1.9708,0
0.35487,-6.6903e-06,0,0,1.4914,1,1.7727,5.1,1.9727,0
0.35003,-6.496e-06,0,0,1.4914,1,1.7746,5.1,1.9746,0
0.34519,-6.3018e-06,0,0,1.4914,1,1.7765,5.1,1.9765,0
0.34035,-6.1075e-06,0,0,1.4914,1,1.7784,5.1,1.9784,0
0.33551,-5.9133e-06,0,0,1.4914,1,1.7803,5.1,1.9803,0
0.33067,-5.7191e-06,0,0,1.4914,1,1.7822,5.1,1.9822,0
0.32583,-5.5248e-06,0,0,1.4914,1,1.7841,5.1,1.9841,0
0.32099,-5.3306e-06,0,0,1.4914,1,1.786,5.1,1.986,0
0.31615,-5.1364e-06,0,0,1.4914,1,1.7879,5.1,1.9879,0
0.31131,-4.9421e-06,0,0,1.4914,1,1.7898,5.1,1.9898,0
0.30648,-4.7479e-06,0,0,1.4914,1,1.7917,5.1,1.9917,0
0.30164,-4.5536e-06,0,0,1.4914,1,1.7936,5.1,1.9936,0
0.2968,-4.3594e-06,0,0,1.4914,1,1.7955,5.1,1.9955,0
0.29196,-4.1652e-06,0,0,1.4914,1,1.7974,5.1,1.9974,0
0.28712,-3.9709e-06,0,0,1.4914,1,1.7993,5.1,1.9993,0
0.28191,-3.8526e-06,0,0,1.4914,1,1.8012,5.1,2.0012,0
0.27649,-3.7785e-06,0,0,1.4914,1,1.8031,5.1,2.0031,0
0.27107,-3.7044e-06,0,0,1.4914,1,1.805,5.1,2.005,0
0.26565,-3.6303e-06,0,0,1.4914,1,1.8069,5.1,2.0069,0
0.26023,-3.5562e-06,0,0,1.4914,1,1.8088,5.1,2.0088,0
0.25481,-3.4821e-06,0,0,1.4914,1,1.8107,5.1,2.0107,0
0.24938,-3.408e-06,0,0,1.4914,1,1.8126,5.1,2.0126,0
0.24396,-3.3339e-06,0,0,1.4914,1,1.8145,5.1,2.0145,0
0.23854,-3.2599e-06,0,0,1.4914,1,1.8164,5.1,2.0164,0
0.23312,-3.1858e-06,0,0,1.4914,1,1.8183,5.1,2.0183,0
0.2277,-3.1117e-06,0,0,1.4914,1,1.8202,5.1,2.0202,0
0.22228,-3.0376e-06,0,0,1.4914,1,1.8221,5.1,2.0221,0
0.21686,-2.9635e-06,0,0,1.4914,1,1.824,5.1,2.024,0
0.21143,-2.8894e-06,0,0,1.4914,1,1.8259,5.1,2.0259,0
0.20601,-2.8153e-06,0,0,1.4914,1,1.8278,5.1,2.0278,0
0.20059,-2.7412e-06,0,0,1.4914,1,1.8297,5.1,2.0297,0
0.19517,-2.6672e-06,0,0,1.4914,1,1.8316,5.1,2.0316,0
0.18975,-2.5931e-06,0,0,1.4914,1,1.8335,5.1,2.0335,0
0.18433,-2.519e-06,0,0,1.4914,1,1.8354,5.1,2.0354,0
0.17891,-2.4449e-06,0,0,1.4914,1,1.8373,5.1,2.0373,0
0.17348,-2.3708e-06,0,0,1.4914,1,1.8392,5.1,2.0392,0
0.16806,-2.2967e-06,0,0,1.4914,1,1.8411,5.1,2.0411,0
0.16264,-2.2226e-06,0,0,1.4914,1,1.843,5.1,2.043,0
0.15722,-2.1485e-06,0,0,1.4914,1,1.8449,5.1,2.0449,0
0.1518,-2.0745e-06,0,0,1.4914,1,1.8468,5.1,2.0468,0
0.14638,-2.0004e-06,0,0,1.4914,1,1.8487,5.1,2.0487,0
0.14096,-1.9263e-06,0,0,1.4914,1,1.8506,5.1,2.0506,0
0.13553,-1.8522e-06,0,0,1.4914,1,1.8525,5.1,2.0525,0
0.13011,-1.7781e-06,0,0,1.4914,1,1.8544,5.1,2.0544,0
0.12469,-1.704e-06,0,0,1.4914,1,1.8563,5.1,2.0563,0
0.11927,-1.6299e-06,0,0,1.4914,1,1.8582,5.1,2.0582,0
0.11385,-1.5558e-06,0,0,1.4914,1,1.8601,5.1,2.0601,0
0.10843,-1.4818e-06,0,0,1.4914,1,1.862,5.1,2.062,0
0.10301,-1.4077e-06,0,0,1.4914,1,1.8639,5.1,2.0639,0
0.097585,-1.3336e-06,0,0,1.4914,1,1.8658,5.1,2.0658,0
0.092164,-1.2595e-06,0,0,1.4914,1,1.8677,5.1,2.0677,0
0.086742,-1.1854e-06,0,0,1.4914,1,1.8696,5.1,2.0696,0
0.081321,-1.1113e-06,0,0,1.4914,1,1.8715,5.1,2.0715,0
0.075899,-1.0372e-06,0,0,1.4914,1,1.8734,5.1,2.0734,0
0.070478,-9.6314e-07,0,0,1.4914,1,1.8753,5.1,2.0753,0
0.065057,-8.8905e-07,0,0,1.4914,1,1.8772,5.1,2.0772,0
0.059635,-8.1496e-07,0,0,1.4914,1,1.8791,5.1,2.0791,0
0.054214,-7.4088e-07,0,0,1.4914,1,1.881,5.1,2.081,0
0.048793,-6.6679e-07,0,0,1.4914,1,1.8829,5.1,2.0829,0
0.043371,-5.927e-07,0,0,1.4914,1,1.8848,5.1,2.0848,0
0.03795,-5.1861e-07,0,0,1.4914,1,1.8867,5.1,2.0867,0
0.032528,-4.4453e-07,0,0,1.4914,1,1.8886,5.1,2.0886,0
0.027107,-3.7044e-07,0,0,1.4914,1,1.8905,5.1,2.0905,0
0.021686,-2.9635e-07,0,0,1.4914,1,1.8924,5.1,2.0924,0
0.016265,-2.2227e-07,0,0,1.4914,1,1.8943,5.1,2.0943,0
0.010843,-1.4817e-07,0,0,1.4914,1,1.8962,5.1,2.0962,0
0.0054213,-7.4086e-08,0,0,1.4914,1,1.8981,5.1,2.0981,0
1.6261e-08,0,0,0,1.4914,1,1.9,5.1,2.1,0
